<?xml version="1.0" ?>
<PDUI>
   <CONFIG_TAB>
	<Pedestal name="PEDESTAL_LRG_CAP_FEEDER">3</Pedestal>
	<Finisher name="DSE_DRV_SAD_STCH_FINISHER">3</Finisher>
	<PunchUnit name="HOLE_PUNCH_2_3UNIT">2</PunchUnit>
	<UpperPaperE name="DMPAPER_LETTER">1</UpperPaperE>
	<LowerPaperE name="DMPAPER_LETTER">1</LowerPaperE>
	<Pedestal1PaperE name="DMPAPER_LETTER">1</Pedestal1PaperE>
  	<Pedestal2PaperE name="DMPAPER_LETTER">1</Pedestal2PaperE>
	<LCFPaperE name="DMPAPER_LETTER">1</LCFPaperE>
	<UpperPaperJ name="DMPAPER_A4">9</UpperPaperJ>
	<LowerPaperJ name="DMPAPER_A4">9</LowerPaperJ>
	<Pedestal1PaperJ name="DMPAPER_A4">9</Pedestal1PaperJ>
  	<Pedestal2PaperJ name="DMPAPER_A4">9</Pedestal2PaperJ>
	<LCFPaperJ name="DMPAPER_A4">9</LCFPaperJ>
	<BypassPaper>0</BypassPaper>
	<UpperMedia name="DSE_SNMP_MEDIA_PLAIN1">1</UpperMedia> 
	<LowerMedia name="DSE_SNMP_MEDIA_PLAIN1">1</LowerMedia> 	
	<Pedestal1Media name="DSE_SNMP_MEDIA_PLAIN1">1</Pedestal1Media> 
	<Pedestal2Media name="DSE_SNMP_MEDIA_PLAIN1">1</Pedestal2Media> 
	<LCFMedia name="DSE_SNMP_MEDIA_PLAIN1">1</LCFMedia> 
	<BypassMedia name="DSE_SNMP_MEDIA_PLAIN1">1</BypassMedia>
	<MemSize>32</MemSize>
	<EnableSNMP>1</EnableSNMP>
   </CONFIG_TAB>
   <PRINTJOB_TAB>
        <PrintMode name="GS_PNTMODE_NORMAL">1</PrintMode>
        <RadNormal name="Enabled">1</RadNormal>
        <RadScheduled name="Enabled">1</RadScheduled>
        <RadPrivate name="Enabled">1</RadPrivate>
        <RadProof name="Enabled">1</RadProof>
        <RadOverlay name="Enabled">1</RadOverlay>
        <RadEfiling name="Enabled">1</RadEfiling>
   </PRINTJOB_TAB>
</PDUI>